CIF_ID,Prediction,Target
308_164,-7.058868408203125,-7.001144409179688
2126_123,-7.066631317138672,-7.161054611206055
234_6,-7.053828239440918,-7.017439365386963
2115_123,-7.153694152832031,-7.173188209533691
2826_2,-5.836660385131836,-5.894016265869141
2692_12,-6.477585792541504,-6.521169185638428
98_164,-7.137373447418213,-7.10289478302002
2598_139,-6.663601398468018,-6.6552042961120605
2444_1,-6.880446434020996,-6.900338172912598
2507_1,-6.855349540710449,-6.838740825653076
790_47,-5.7495436668396,-5.669347286224365
610_123,-6.691412448883057,-6.655372142791748
2331_137,-6.959939956665039,-6.986250400543213
543_1,-6.827260971069336,-6.751996040344238
474_2,-6.821874141693115,-6.838090419769287
465_115,-6.900862693786621,-6.845808029174805
2198_15,-7.043057441711426,-7.094026565551758
2616_1,-6.65699577331543,-6.633462905883789
143_164,-7.07269287109375,-7.05987024307251
806_123,-5.36108922958374,-5.420890808105469
2783_194,-6.185442924499512,-6.158665657043457
392_115,-6.936440467834473,-6.928277492523193
2675_5,-6.603387355804443,-6.540084362030029
2704_1,-6.529196262359619,-6.502681255340576
2687_1,-6.5398030281066895,-6.530593395233154
2570_2,-6.7197794914245605,-6.730022430419922
2825_8,-5.92104959487915,-5.910653591156006
334_6,-7.000761032104492,-6.991097927093506
690_191,-6.515049934387207,-6.491433620452881
2420_65,-6.914554595947266,-6.913346767425537
2730_8,-6.439435005187988,-6.392772674560547
2485_1,-6.859628200531006,-6.857755661010742
2693_1,-6.559330940246582,-6.519552707672119
2525_10,-6.851478576660156,-6.806624889373779
2003_58,-7.450495719909668,-7.425680637359619
2140_25,-7.206604957580566,-7.147878170013428
2017_136,-7.448696136474609,-7.420223236083984
695_191,-6.48822021484375,-6.474992752075195
2702_51,-6.515446662902832,-6.504294395446777
368_21,-6.959219932556152,-6.958609580993652
376_6,-6.989014148712158,-6.948706150054932
131_123,-7.066652297973633,-7.067531108856201
2242_1,-7.11456298828125,-7.059534549713135
2256_65,-7.011629581451416,-7.042129993438721
570_1,-6.745676517486572,-6.70941972732544
39_166,-7.154108047485352,-7.138383865356445
51_12,-7.172868728637695,-7.127856254577637
2334_1,-6.993933200836182,-6.984356880187988
2349_1,-7.010108947753906,-6.972198486328125
518_47,-6.792303085327148,-6.787712097167969
476_2,-6.828878402709961,-6.835471153259277
2761_139,-6.25828742980957,-6.225489139556885
2779_194,-6.2012434005737305,-6.169277191162109
2829_65,-5.874908447265625,-5.864254474639893
548_1,-6.7681097984313965,-6.745060920715332
516_8,-6.807252883911133,-6.788884162902832
348_1,-6.961970329284668,-6.980047702789307
810_191,-5.249666690826416,-5.322925090789795
2066_58,-7.358193397521973,-7.343909740447998
408_115,-6.932825565338135,-6.918787002563477
2686_1,-6.528141498565674,-6.530687808990479
2437_224,-6.938255786895752,-6.9073920249938965
2504_224,-6.89802360534668,-6.840265274047852
2662_1,-6.585875988006592,-6.564120292663574
2473_1,-6.918694972991943,-6.867608070373535
445_6,-6.947471618652344,-6.879499435424805
383_38,-6.949260234832764,-6.9377617835998535
2743_65,-6.37120532989502,-6.329930782318115
789_65,-5.653337478637695,-5.675599098205566
641_65,-6.588108062744141,-6.596017360687256
535_8,-6.844970226287842,-6.76645040512085
536_1,-6.786699295043945,-6.764325141906738
2397_2,-7.019526481628418,-6.935191631317139
155_2,-7.047849178314209,-7.046301364898682
418_5,-6.957711696624756,-6.913436412811279
2253_121,-7.0404863357543945,-7.045402050018311
109_123,-7.10882043838501,-7.095749855041504
2021_136,-7.450324058532715,-7.419238567352295
2462_4,-6.909724235534668,-6.883335113525391
712_164,-6.521240711212158,-6.433041095733643
2427_102,-6.9235124588012695,-6.911961078643799
815_191,-5.111445426940918,-5.09064245223999
561_1,-6.685648441314697,-6.715034008026123
2443_139,-6.882890701293945,-6.900365352630615
2681_129,-6.552683830261231,-6.5357818603515625
2484_5,-6.875177383422852,-6.857834815979004
52_123,-7.098513603210449,-7.127635478973389
2756_2,-6.230144500732422,-6.2345967292785645
2338_137,-6.957470893859863,-6.981354236602783
2192_11,-7.145608901977539,-7.096194744110107
586_2,-6.661228656768799,-6.688361167907715
2304_1,-7.018676280975342,-7.009986877441406
297_115,-6.9915924072265625,-7.007443428039551
2814_194,-6.046916961669922,-5.982308864593506
2243_1,-7.082474708557129,-7.057981491088867
2423_1,-6.952264785766602,-6.912667274475098
2092_44,-7.183827877044678,-7.207600116729736
2833_111,-5.7984466552734375,-5.822301864624023
2293_121,-7.030043601989746,-7.017800807952881
321_6,-7.035495758056641,-6.995905876159668
2239_5,-7.081814765930176,-7.061927795410156
2152_140,-7.115008354187012,-7.134826183319092
582_12,-6.740315437316895,-6.69794511795044
367_6,-6.986273765563965,-6.958885669708252
8_2,-7.185178756713867,-7.166408538818359
429_115,-6.928367137908936,-6.904925346374512
384_164,-6.935928821563721,-6.936723232269287
2566_1,-6.757702350616455,-6.740159034729004
682_65,-6.536141872406006,-6.524794578552246
2008_136,-7.451444149017334,-7.422041893005371
187_6,-7.083966255187988,-7.032409191131592
701_191,-6.505623817443848,-6.455781936645508
2646_30,-6.6560139656066895,-6.5912041664123535
351_25,-7.008092880249023,-6.976505279541016
2465_6,-6.841696262359619,-6.877391338348389
2723_47,-6.392322063446045,-6.422235488891602
2071_2,-7.267982006072998,-7.253820896148682
751_47,-6.323334217071533,-6.263242244720459
2691_1,-6.550013065338135,-6.52316427230835
605_12,-6.787937641143799,-6.663254261016846
183_6,-7.04156494140625,-7.033291339874268
2578_65,-6.71502685546875,-6.7087483406066895
2554_25,-6.793359279632568,-6.75654411315918
685_123,-6.51951265335083,-6.517970561981201
2283_121,-7.046069622039795,-7.025734901428223
416_115,-6.924208641052246,-6.913899898529053
343_6,-7.0654706954956055,-6.985961437225342
2255_12,-7.089349746704102,-7.042668342590332
2410_1,-6.938592433929443,-6.920763969421387
2336_1,-6.964571952819824,-6.982685565948486
2717_1,-6.470602989196777,-6.444703578948975
614_8,-6.702374458312988,-6.650350570678711
680_123,-6.4673752784729,-6.525162696838379
575_2,-6.739872455596924,-6.701095581054688
2565_55,-6.7728271484375,-6.740285396575928
2551_1,-6.725738525390625,-6.759227752685547
2558_132,-6.726467609405518,-6.751750469207764
2690_136,-6.481815814971924,-6.528610706329346
2479_2,-6.852768421173096,-6.863586902618408
2132_1,-7.116424083709717,-7.155572414398193
2158_65,-7.054257869720459,-7.125007629394531
3_225,-7.132214546203613,-7.217188835144043
2379_1,-6.981020450592041,-6.943551063537598
724_123,-6.401419162750244,-6.4107747077941895
702_191,-6.464025497436523,-6.455723762512207
2090_15,-7.188732147216797,-7.208878517150879
2223_44,-7.039010524749756,-7.078103065490723
378_1,-6.954421520233154,-6.946709156036377
2815_131,-5.905801296234131,-5.958261489868164
643_191,-6.580032825469971,-6.595497131347656
622_191,-6.569437503814697,-6.643672943115234
521_1,-6.748550415039063,-6.78391170501709
2039_136,-7.4003214836120605,-7.418266773223877
425_1,-6.916347503662109,-6.9071197509765625
520_38,-6.763011932373047,-6.785134315490723
2278_1,-6.993967056274414,-7.027472972869873
218_6,-7.025370597839356,-7.018753528594971
583_8,-6.703277587890625,-6.695405006408691
2049_58,-7.403218269348144,-7.415396213531494
817_191,-5.051792621612549,-5.001743793487549
508_1,-6.767115592956543,-6.798852920532227
2712_1,-6.468766212463379,-6.463506698608398
2276_1,-7.010921955108643,-7.028054237365723
2392_1,-6.917127132415772,-6.939027309417725
2647_191,-6.551873207092285,-6.589774131774902
2095_12,-7.196211814880371,-7.207393169403076
2666_1,-6.462711334228516,-6.555336952209473
633_191,-6.592432975769043,-6.637394905090332
2189_12,-7.133519172668457,-7.098010063171387
2325_1,-6.931396961212158,-6.994035243988037
2395_1,-6.906970024108887,-6.936159133911133
2009_58,-7.401019096374512,-7.421915054321289
528_1,-6.730332374572754,-6.77547550201416
94_123,-7.09195613861084,-7.10391902923584
2033_136,-7.401774883270264,-7.418607234954834
2492_63,-6.860373020172119,-6.852858543395996
63_123,-7.15060567855835,-7.12327766418457
256_25,-7.019641399383545,-7.016089916229248
489_2,-6.790042877197266,-6.8197340965271
452_1,-6.854492664337158,-6.863952159881592
2106_2,-7.162834167480469,-7.1942901611328125
2549_49,-6.768633842468262,-6.763039588928223
2426_102,-6.914713382720947,-6.9122395515441895
2742_2,-6.328408241271973,-6.340534687042236
46_2,-7.117737293243408,-7.135876178741455
2111_139,-7.102381229400635,-7.177371978759766
2725_1,-6.412333488464356,-6.411571025848389
2836_136,-5.653851509094238,-5.724339485168457
524_10,-6.876511573791504,-6.78200626373291
81_12,-7.095285892486572,-7.112128734588623
2330_1,-6.997723579406738,-6.9869160652160645
362_164,-6.958256721496582,-6.965875625610352
2438_224,-6.906984329223633,-6.906291484832764
2711_1,-6.457677364349365,-6.469555377960205
2505_65,-6.847719669342041,-6.839694499969482
451_65,-6.816953182220459,-6.865663528442383
2804_113,-5.99741792678833,-6.05598783493042
382_187,-6.933898448944092,-6.937963962554932
2221_6,-7.061907768249512,-7.079173564910889
312_6,-7.020423889160156,-6.999269962310791
2860_123,-4.362241744995117,-4.519952774047852
299_12,-6.988718032836914,-7.006535053253174
568_12,-6.760775566101074,-6.710588455200195
479_47,-6.849206924438477,-6.832916736602783
2254_6,-7.046622276306152,-7.043331146240234
2463_59,-6.891171932220459,-6.882570266723633
447_47,-6.8726654052734375,-6.874563694000244
2574_1,-6.744485855102539,-6.7192816734313965
5_12,-7.129258155822754,-7.167022705078125
709_1,-6.407778263092041,-6.440182685852051
766_10,-6.137574672698975,-6.120389461517334
2747_65,-6.292954921722412,-6.318642139434815
574_12,-6.7329511642456055,-6.701283931732178
631_191,-6.582960605621338,-6.638701438903809
2403_1,-6.9046244621276855,-6.927684307098389
2699_53,-6.522540092468262,-6.508906364440918
2377_11,-6.961406707763672,-6.9471049308776855
2354_1,-6.949126243591309,-6.970052242279053
173_6,-7.013246536254883,-7.039477348327637
296_1,-7.018472671508789,-7.00766134262085
2784_119,-6.132271766662598,-6.158501148223877
674_191,-6.514744281768799,-6.531017303466797
309_6,-6.975399017333984,-7.001135349273682
2041_136,-7.402631759643555,-7.417860984802246
2157_123,-7.1160173416137695,-7.1287055015563965
744_47,-6.370962619781494,-6.315856456756592
32_12,-7.104547500610352,-7.143370151519775
2208_1,-7.05025053024292,-7.088964462280273
2164_11,-7.111044406890869,-7.119391441345215
627_191,-6.584718227386475,-6.6403117179870605
820_191,-5.036968231201172,-4.982175350189209
511_8,-6.742078304290772,-6.795255661010742
2421_59,-6.971766948699951,-6.912988662719727
2787_1,-6.080165386199951,-6.144753932952881
2398_71,-6.8961262702941895,-6.933805465698242
236_6,-7.019508361816406,-7.017261505126953
2217_123,-7.129955768585205,-7.084222316741943
391_6,-6.877154350280762,-6.929111957550049
2499_38,-6.899107456207275,-6.8455729484558105
2641_1,-6.631109237670898,-6.595067024230957
2360_1,-6.963914394378662,-6.960601806640625
2050_58,-7.404345989227295,-7.414803981781006
193_38,-7.020596504211426,-7.027503967285156
2364_71,-6.941938877105713,-6.956283092498779
2245_5,-7.033092498779297,-7.053930759429932
2136_5,-7.153632164001465,-7.14996862411499
2381_1,-6.927925109863281,-6.943061828613281
428_1,-6.897086143493652,-6.905124664306641
203_6,-7.041275978088379,-7.021786689758301
2086_225,-7.132097244262695,-7.221413612365723
2294_1,-7.00713586807251,-7.017752170562744
2762_65,-6.1453118324279785,-6.223151206970215
787_183,-5.631355285644531,-5.6833367347717285
2637_107,-6.591006278991699,-6.598701000213623
2595_1,-6.61598539352417,-6.668275833129883
206_6,-7.036217212677002,-7.020859241485596
738_164,-6.399969100952148,-6.34149694442749
415_5,-6.981444835662842,-6.914915561676025
301_1,-7.039819240570068,-7.004477024078369
57_123,-7.146461486816406,-7.125782489776611
2145_1,-7.199890613555908,-7.143211841583252
491_2,-6.855639457702637,-6.819281578063965
38_12,-7.177404880523682,-7.13988208770752
2688_123,-6.563996315002441,-6.530289649963379
2129_127,-7.1419196128845215,-7.157843112945557
559_12,-6.73530387878418,-6.718050956726074
752_123,-6.254184722900391,-6.251826286315918
126_123,-7.123258590698242,-7.070293426513672
2655_1,-6.591738224029541,-6.578557968139648
419_5,-6.994658470153809,-6.912466526031494
560_10,-6.719951629638672,-6.7154645919799805
2231_1,-7.096144199371338,-7.070456027984619
2532_36,-6.775007724761963,-6.796327114105225
483_47,-6.892122268676758,-6.827959060668945
2007_136,-7.450761318206787,-7.422439098358154
541_156,-6.769466876983643,-6.754032135009766
2643_65,-6.6195244789123535,-6.593546390533447
246_6,-7.050638198852539,-7.016468048095703
2319_36,-7.0113725662231445,-6.998031139373779
2310_1,-7.015187740325928,-7.005932807922363
484_1,-6.83565092086792,-6.826426029205322
2601_38,-6.650365352630615,-6.647591590881348
318_6,-7.045616149902344,-6.99724006652832
587_1,-6.704198360443115,-6.68833065032959
773_191,-6.15886926651001,-5.986879825592041
613_1,-6.720733642578125,-6.652016639709473
289_1,-7.0487060546875,-7.010021209716797
2630_59,-6.62963342666626,-6.606864929199219
2323_26,-7.016741752624512,-6.994857311248779
783_123,-6.044955253601074,-5.877307415008545
759_5,-6.213888168334961,-6.182199954986572
2252_6,-7.060623645782471,-7.0472493171691895
523_8,-6.796852111816406,-6.782215595245361
2190_26,-7.116697788238525,-7.097935676574707
440_115,-6.886993885040283,-6.8912672996521
2432_224,-6.90880298614502,-6.909049987792969
2191_11,-7.091776847839356,-7.097728729248047
531_2,-6.810476303100586,-6.769731998443604
302_6,-7.033607006072998,-7.003999710083008
2327_1,-7.107518196105957,-6.992167472839356
284_1,-7.029346942901611,-7.010953426361084
2365_8,-7.011544704437256,-6.95596981048584
2216_2,-7.117849826812744,-7.084367275238037
201_6,-7.043014049530029,-7.022411823272705
420_6,-6.965489387512207,-6.912395477294922
2374_2,-6.959756374359131,-6.948685646057129
2262_6,-7.064993858337402,-7.038692951202393
2620_1,-6.689493656158447,-6.624256134033203
310_5,-7.021424293518066,-7.000515937805176
539_8,-6.761179924011231,-6.759798526763916
291_6,-7.067211151123047,-7.008564472198486
137_123,-7.10030460357666,-7.064740180969238
2457_139,-6.893515586853027,-6.887144088745117
414_115,-6.930484771728516,-6.917795181274414
197_6,-7.061434268951416,-7.024831295013428
199_1,-7.011921405792236,-7.022918224334717
2861_164,-3.6636438369750977,-3.652268171310425
2597_11,-6.633134841918945,-6.6595377922058105
710_123,-6.411903858184815,-6.4375762939453125
2213_58,-7.061603546142578,-7.086074352264404
2708_51,-6.45486307144165,-6.4823408126831055
2586_63,-6.63716983795166,-6.686658382415772
254_25,-7.045734882354736,-7.016201972961426
658_191,-6.595707893371582,-6.576174736022949
426_164,-6.844265460968018,-6.906506061553955
2724_12,-6.4119391441345215,-6.41750431060791
2345_8,-6.982542514801025,-6.977118492126465
2508_1,-6.87130880355835,-6.83853006362915
2793_183,-6.059144496917725,-6.103564262390137
2665_107,-6.565481662750244,-6.55621337890625
2611_1,-6.648477554321289,-6.636678695678711
2177_26,-7.128903388977051,-7.108261585235596
2368_1,-6.963155269622803,-6.953738212585449
2096_12,-7.22417402267456,-7.204948902130127
328_123,-7.018398761749268,-6.99277925491333
824_123,-4.682140350341797,-4.7066731452941895
2230_1,-7.08123779296875,-7.070783615112305
2520_1,-6.840149402618408,-6.8148369789123535
2604_1,-6.683139801025391,-6.643468856811523
324_44,-7.026611804962158,-6.99458646774292
375_1,-6.952406883239746,-6.949149131774902
65_123,-7.134407997131348,-7.12247896194458
157_164,-7.072925567626953,-7.044669151306152
2141_6,-7.210287094116211,-7.146068572998047
2435_224,-6.908085823059082,-6.907882213592529
488_65,-6.847508907318115,-6.819803714752197
2855_139,-5.05978536605835,-4.98392915725708
2552_53,-6.733292579650879,-6.759114265441895
12_2,-7.179969787597656,-7.160181045532227
2109_2,-7.189566135406494,-7.179933547973633
591_1,-6.738352298736572,-6.682602405548096
2543_6,-6.779178619384766,-6.766871452331543
365_12,-7.022304058074951,-6.964080810546875
37_166,-7.169387340545654,-7.140383720397949
341_1,-7.022101402282715,-6.986157417297363
675_191,-6.493034839630127,-6.5294575691223145
2608_1,-6.635242938995361,-6.639602184295654
732_164,-6.248372554779053,-6.357565879821777
322_65,-7.032281875610352,-6.99588680267334
2757_139,-6.166479587554932,-6.234391689300537
401_115,-6.92568302154541,-6.920342445373535
2568_51,-6.834921836853027,-6.739409446716309
2461_10,-6.906152248382568,-6.883624076843262
439_8,-6.923956871032715,-6.892834186553955
645_191,-6.594542503356934,-6.592411994934082
2636_191,-6.635310173034668,-6.599490642547607
30_164,-7.161348819732666,-7.145686149597168
830_35,-4.314785957336426,-4.241841793060303
2383_11,-6.99156665802002,-6.942436695098877
2275_1,-7.036776542663574,-7.028676986694336
24_164,-7.171977996826172,-7.1515421867370605
224_25,-7.044443130493164,-7.018198490142822
602_12,-6.682687759399414,-6.667784690856934
580_12,-6.674617290496826,-6.698380470275879
782_123,-5.879775524139404,-5.877882957458496
662_191,-6.591155052185059,-6.573448657989502
2373_1,-6.95663595199585,-6.950636863708496
795_6,-5.614468574523926,-5.560033321380615
649_191,-6.5716938972473145,-6.589648723602295
565_1,-6.760251998901367,-6.712011814117432
2303_1,-7.060146331787109,-7.010961055755615
486_10,-6.8059587478637695,-6.820603370666504
2818_51,-5.888527870178223,-5.948932647705078
196_6,-7.060033321380615,-7.025581359863281
2274_5,-7.01719331741333,-7.030220985412598
2800_139,-5.982378959655762,-6.065628528594971
112_10,-7.140300750732422,-7.094733715057373
585_2,-6.653201103210449,-6.688712596893311
2849_65,-5.50190019607544,-5.4965105056762695
2599_47,-6.624338150024414,-6.652282238006592
2130_6,-7.188725471496582,-7.156813621520996
2567_127,-6.735790729522705,-6.740124225616455
2339_4,-6.933823108673096,-6.980636596679688
2542_49,-6.816840171813965,-6.770055294036865
664_191,-6.625253677368164,-6.571862697601318
2424_1,-6.920384407043457,-6.912652492523193
2606_191,-6.621493339538574,-6.641852855682373
2809_8,-5.986456394195557,-6.023263931274414
2142_123,-7.161513328552246,-7.145524978637695
2555_1,-6.736110687255859,-6.755613327026367
494_164,-6.808802127838135,-6.8165812492370605
786_123,-5.858209609985352,-5.823518753051758
2026_136,-7.438893795013428,-7.418827533721924
176_6,-7.065171718597412,-7.038046360015869
563_2,-6.673081874847412,-6.713504314422607
15_12,-7.197283744812012,-7.157480716705322
2125_2,-7.170312881469727,-7.162857055664063
361_1,-6.976424217224121,-6.966604709625244
307_123,-6.99727725982666,-7.001952648162842
648_191,-6.618880748748779,-6.590834617614746
2083_2,-7.2393035888671875,-7.229137897491455
727_191,-6.411432266235352,-6.406428337097168
2526_1,-6.741323947906494,-6.804986953735352
347_1,-7.009772300720215,-6.982430934906006
654_164,-6.6036458015441895,-6.585232257843018
252_1,-7.044642448425293,-7.016242980957031
2346_4,-6.998866081237793,-6.976538181304932
2363_2,-6.960081100463867,-6.958062648773193
2587_1,-6.661520957946777,-6.685945987701416
150_2,-7.117034912109375,-7.051671028137207
750_2,-6.308145523071289,-6.279664993286133
442_1,-6.848926067352295,-6.884528160095215
2001_136,-7.430444240570068,-7.429106712341309
679_191,-6.539107799530029,-6.526026725769043
487_47,-6.829399585723877,-6.819992542266846
2579_132,-6.796812534332275,-6.708200454711914
237_6,-7.003036975860596,-7.016974449157715
2580_65,-6.700199604034424,-6.705798149108887
729_191,-6.359453201293945,-6.3771281242370605
2512_6,-6.822755336761475,-6.830846786499023
753_164,-6.206270694732666,-6.2477803230285645
2171_12,-7.132171154022217,-7.114293575286865
162_6,-7.056278228759766,-7.042567253112793
390_6,-6.925985336303711,-6.929513931274414
385_1,-6.963709354400635,-6.935906410217285
2515_1,-6.777061462402344,-6.821518421173096
757_10,-6.180606842041016,-6.214887619018555
2816_105,-5.895736217498779,-5.954784870147705
506_8,-6.815706729888916,-6.802134990692139
793_47,-5.616899967193604,-5.600903034210205
115_6,-7.097332954406738,-7.083823204040527
2728_1,-6.356675148010254,-6.402092456817627
2799_46,-6.095493316650391,-6.068828582763672
163_6,-7.064187526702881,-7.04253625869751
715_123,-6.422270774841309,-6.429220676422119
2773_1,-6.166811466217041,-6.182888507843018
241_6,-7.011119365692139,-7.016766548156738
2569_1,-6.79429292678833,-6.731258392333984
475_2,-6.844015598297119,-6.837286949157715
211_6,-7.015688896179199,-7.019794940948486
40_12,-7.159412860870361,-7.138346195220947
2084_2,-7.23670768737793,-7.226847648620605
2451_6,-7.011852264404297,-6.897655963897705
2596_35,-6.627391338348389,-6.667788982391357
2581_71,-6.652429580688477,-6.702437877655029
2533_8,-6.798230648040772,-6.795196056365967
462_6,-6.856484889984131,-6.849895000457764
319_21,-7.032391548156738,-6.997114658355713
270_25,-7.012639045715332,-7.014482975006104
775_191,-6.019533157348633,-5.9779953956604
2436_1,-6.899229049682617,-6.907646179199219
2671_38,-6.547110557556152,-6.545171737670898
239_6,-7.014851093292236,-7.016841411590576
2537_11,-6.810300827026367,-6.78603982925415
2098_12,-7.258262634277344,-7.204046726226807
2545_2,-6.779906749725342,-6.7655439376831055
819_10,-5.0533294677734375,-4.987110614776611
2308_5,-7.057816028594971,-7.006099224090576
2514_6,-6.813633441925049,-6.823185920715332
2052_58,-7.439207077026367,-7.414126396179199
2649_1,-6.56990385055542,-6.586358070373535
2012_136,-7.442239284515381,-7.421048164367676
2324_10,-7.0024943351745605,-6.994326591491699
313_44,-7.008907794952393,-6.998986721038818
263_25,-7.011083126068115,-7.015565395355225
553_10,-6.686608791351318,-6.729493618011475
2848_123,-5.570042610168457,-5.512130260467529
2544_67,-6.761872291564941,-6.765708923339844
2288_8,-7.034300804138184,-7.022997856140137
2628_1,-6.597936153411865,-6.610613822937012
306_1,-6.996697425842285,-7.002585411071777
2036_136,-7.442140102386475,-7.418457984924316
2657_123,-6.551157474517822,-6.573967933654785
92_164,-7.134457588195801,-7.104440689086914
500_47,-6.754539966583252,-6.811636924743652
2476_1,-6.889286994934082,-6.865328311920166
2766_77,-6.178488731384277,-6.215827465057373
2378_6,-6.895780086517334,-6.94362735748291
2615_1,-6.621054172515869,-6.634349822998047
2292_1,-7.046981334686279,-7.01839017868042
2416_2,-6.85978889465332,-6.914469242095947
2077_47,-7.27622127532959,-7.234518527984619
2495_1,-6.780900955200195,-6.850525856018066
611_12,-6.630875110626221,-6.655063629150391
711_191,-6.438516139984131,-6.435082912445068
394_1,-6.901436805725098,-6.927992343902588
569_12,-6.674308300018311,-6.709997653961182
672_12,-6.520042419433594,-6.543795585632324
2387_65,-6.976736068725586,-6.940284252166748
2651_10,-6.573514461517334,-6.584500312805176
275_25,-6.981688976287842,-7.01299524307251
2563_65,-6.741562366485596,-6.745779037475586
2529_1,-6.822240352630615,-6.797614574432373
496_10,-6.805739879608154,-6.81622838973999
2589_139,-6.651228904724121,-6.683974266052246
2794_183,-5.9947357177734375,-6.089134216308594
148_2,-7.118804931640625,-7.053009986877441
61_164,-7.161904811859131,-7.124748706817627
159_1,-7.068335056304932,-7.043298721313477
2464_1,-6.895304203033447,-6.879391670227051
33_164,-7.157273769378662,-7.143208980560303
154_2,-7.115570068359375,-7.048192501068115
355_1,-6.967665672302246,-6.972238063812256
138_123,-7.034464359283447,-7.064427852630615
2528_1,-6.802425861358643,-6.8002705574035645
134_6,-7.080070495605469,-7.065448760986328
2561_132,-6.763150691986084,-6.749607563018799
2273_5,-7.034167289733887,-7.0304388999938965
413_6,-6.921143531799316,-6.918065071105957
468_12,-6.794969081878662,-6.8432698249816895
101_123,-7.049142360687256,-7.101772308349609
194_6,-6.938358783721924,-7.026796817779541
504_2,-6.81788444519043,-6.805191993713379
356_6,-6.946731090545654,-6.97123384475708
17_12,-7.150094032287598,-7.156004428863525
529_10,-6.762914180755615,-6.771762371063232
287_6,-6.977063179016113,-7.010428428649902
2654_191,-6.593744277954102,-6.581332683563232
719_191,-6.430657386779785,-6.423511028289795
214_6,-7.00176477432251,-7.019501686096191
725_123,-6.417628765106201,-6.410494804382324
688_47,-6.5356125831604,-6.500482559204102
2600_65,-6.717777252197266,-6.652059555053711
2431_1,-6.964253902435303,-6.90997838973999
360_25,-6.949138164520264,-6.967678070068359
2122_127,-7.12382698059082,-7.16453218460083
149_6,-7.054511070251465,-7.052548885345459
2335_1,-6.997199058532715,-6.983275890350342
95_123,-7.057713031768799,-7.103392124176025
2121_1,-7.185247421264648,-7.1680450439453125
2837_140,-5.831992149353027,-5.723320007324219
2541_59,-6.787085056304932,-6.770669937133789
2034_136,-7.429257392883301,-7.41852855682373
2806_123,-6.026455402374268,-6.0393500328063965
2361_1,-6.961031913757324,-6.95927619934082
2834_83,-5.8430495262146,-5.7995924949646
436_123,-6.904486656188965,-6.895076751708984
255_25,-7.005546569824219,-7.016140460968018
283_6,-6.998553276062012,-7.011335849761963
363_123,-6.949621200561523,-6.965596675872803
438_115,-6.926214218139648,-6.893543243408203
2201_7,-7.029442310333252,-7.092346668243408
2585_131,-6.66447114944458,-6.691441059112549
2067_14,-7.358386039733887,-7.342713356018066
146_123,-7.084896564483643,-7.056632995605469
594_12,-6.692657947540283,-6.677991390228272
2042_136,-7.424447059631348,-7.417775630950928
152_164,-7.047698020935059,-7.049770832061768
454_10,-6.853089332580566,-6.863259315490723
556_10,-6.709420204162598,-6.722837924957275
121_123,-7.066577434539795,-7.076164722442627
2428_8,-6.953477382659912,-6.91099214553833
477_1,-6.826198101043701,-6.834226608276367
2355_1,-6.9987664222717285,-6.968480110168457
498_10,-6.781197547912598,-6.814996242523193
353_1,-6.98798942565918,-6.9756364822387695
706_1,-6.467358589172363,-6.450454235076904
2721_51,-6.499456882476807,-6.428525924682617
230_6,-7.013205528259277,-7.017947673797607
762_47,-6.246067047119141,-6.163101196289063
2445_102,-6.934912204742432,-6.899903774261475
210_6,-7.004920959472656,-7.019890785217285
2390_12,-6.90390157699585,-6.939698696136475
2582_10,-6.679684162139893,-6.700636863708496
640_191,-6.571843147277832,-6.596517086029053
168_6,-7.033220291137695,-7.041408061981201
220_6,-7.003225326538086,-7.018359184265137
2234_8,-7.047115802764893,-7.068797588348389
2087_225,-7.184335231781006,-7.220791816711426
822_191,-4.826324939727783,-4.8211164474487305
2280_23,-7.004855155944824,-7.027023792266846
2576_1,-6.694157123565674,-6.712276458740234
2333_1,-6.969187259674072,-6.98472261428833
2621_1,-6.637036323547363,-6.622438430786133
2851_123,-5.311747550964356,-5.421078205108643
2680_191,-6.591840744018555,-6.5360870361328125
2117_127,-7.155076026916504,-7.17080020904541
2503_5,-6.826797008514404,-6.841602802276611
2796_1,-6.122865676879883,-6.083667755126953
604_12,-6.7678985595703125,-6.666047096252441
216_6,-7.008861064910889,-7.0192179679870605
273_6,-7.0044450759887695,-7.013707637786865
2173_2,-7.137497425079346,-7.11366081237793
2801_139,-6.050559997558594,-6.063098907470703
198_6,-7.013307094573975,-7.023153305053711
22_12,-7.1817402839660645,-7.15444803237915
785_191,-5.837714672088623,-5.825581073760986
70_12,-7.147462844848633,-7.117608070373535
2698_1,-6.526740074157715,-6.513004779815674
2715_1,-6.400040149688721,-6.45052433013916
2843_123,-5.668460369110107,-5.608016490936279
2602_8,-6.656734943389893,-6.646407604217529
225_6,-7.017312526702881,-7.018185138702393
2025_136,-7.421693325042725,-7.4189019203186035
472_1,-6.860422134399414,-6.84210729598999
247_6,-7.015111923217773,-7.016459465026856
2653_1,-6.572152137756348,-6.582442283630371
2748_194,-6.331973552703857,-6.315192699432373
2108_2,-7.157100200653076,-7.184103012084961
2740_132,-6.333730697631836,-6.340835571289063
2765_139,-6.235057353973389,-6.216675281524658
781_191,-5.829319953918457,-5.887553691864014
2175_12,-7.122810363769531,-7.108839988708496
2097_2,-7.214060306549072,-7.204191207885742
670_191,-6.489017963409424,-6.554145336151123
617_191,-6.595822811126709,-6.646001815795898
2713_1,-6.430842399597168,-6.45702075958252
2673_1,-6.5563740730285645,-6.542498588562012
687_38,-6.542130470275879,-6.512489318847656
2664_2,-6.564648151397705,-6.557043075561523
457_10,-6.824632167816162,-6.857275009155273
2170_1,-7.128513813018799,-7.114850044250488
644_65,-6.554671287536621,-6.593142509460449
805_47,-5.366713523864746,-5.431445598602295
2449_115,-6.928582668304443,-6.898350715637207
160_1,-7.043139934539795,-7.043246269226074
42_164,-7.146928787231445,-7.138147354125977
122_123,-7.038663864135742,-7.074519634246826
329_6,-6.957881450653076,-6.992565155029297
169_6,-7.039305210113525,-7.040785312652588
2707_1,-6.456384181976318,-6.484119415283203
265_25,-7.013299942016602,-7.01540470123291
326_12,-6.9676690101623535,-6.993627071380615
82_123,-7.10163688659668,-7.111769199371338
2298_8,-7.016938209533691,-7.0154643058776855
772_12,-6.000273704528809,-5.997556209564209
433_1,-6.857192516326904,-6.9002885818481445
2176_59,-7.125305652618408,-7.108572483062744
2103_123,-7.15794563293457,-7.198948383331299
380_6,-6.930554389953613,-6.944052219390869
2422_8,-6.894929885864258,-6.912795066833496
2530_1,-6.770002365112305,-6.797389030456543
2622_10,-6.592254638671875,-6.621571063995361
746_191,-6.249856472015381,-6.30899715423584
615_12,-6.697108745574951,-6.649536609649658
713_123,-6.356048107147217,-6.430367946624756
2212_6,-7.047353744506836,-7.086142539978027
2085_12,-7.211292266845703,-7.225475788116455
268_25,-7.002236366271973,-7.014805316925049
405_5,-6.885849475860596,-6.919206142425537
2450_5,-6.852786540985107,-6.897689342498779
629_191,-6.624198913574219,-6.639301300048828
25_2,-7.112064838409424,-7.1500349044799805
262_25,-7.00319242477417,-7.0156989097595215
770_123,-5.990135669708252,-6.018033981323242
722_164,-6.385485649108887,-6.411998271942139
530_8,-6.751673221588135,-6.771221160888672
2037_136,-7.422616958618164,-7.4184136390686035
2181_26,-7.078317165374756,-7.10395622253418
2452_1,-6.846805572509766,-6.897297382354736
778_123,-5.953283786773682,-5.954960823059082
618_191,-6.614179611206055,-6.644939422607422
525_1,-6.727864265441895,-6.777322292327881
74_164,-7.103673458099365,-7.11647891998291
2179_12,-7.097781181335449,-7.105722904205322
87_123,-7.166852951049805,-7.106122970581055
2266_123,-7.051905155181885,-7.035904407501221
337_5,-6.981189727783203,-6.990012168884277
28_2,-7.145027160644531,-7.149234771728516
2442_5,-6.884113311767578,-6.900742530822754
2842_123,-5.524127006530762,-5.635760307312012
812_12,-5.288132190704346,-5.224616527557373
2185_2,-7.054310321807861,-7.101399421691895
2075_2,-7.191537380218506,-7.239707946777344
2419_2,-6.936190605163574,-6.913584232330322
2203_46,-7.0397233963012695,-7.090601921081543
2483_67,-6.8399739265441895,-6.85842752456665
2496_1,-6.812335014343262,-6.848470687866211
669_187,-6.526313781738281,-6.5543365478515625
466_1,-6.870028495788574,-6.843923568725586
2810_140,-5.983026027679443,-6.02127742767334
2389_65,-6.941933631896973,-6.939773082733154
2475_1,-6.850125312805176,-6.865862846374512
471_1,-6.802198886871338,-6.842128753662109
244_6,-7.00617790222168,-7.016544818878174
624_191,-6.617820262908936,-6.64230489730835
515_47,-6.799771308898926,-6.789211750030518
114_2,-7.038746356964111,-7.090580940246582
229_25,-7.003149509429932,-7.01798677444458
346_115,-6.936441421508789,-6.98250150680542
2110_12,-7.122393131256104,-7.177381992340088
765_191,-6.09373950958252,-6.146871566772461
2251_25,-7.050706386566162,-7.049159049987793
2642_65,-6.5808587074279785,-6.59421443939209
373_1,-6.935712814331055,-6.954092502593994
397_5,-6.937105178833008,-6.922507286071777
2696_1,-6.474419116973877,-6.5161004066467285
240_6,-7.003756523132324,-7.016834259033203
2562_1,-6.671509742736816,-6.746723175048828
2547_2,-6.736032009124756,-6.763973712921143
2200_46,-7.034341812133789,-7.0923848152160645
803_191,-5.434431076049805,-5.455265045166016
2388_115,-6.94260311126709,-6.939812660217285
167_6,-7.030014514923096,-7.041897773742676
463_1,-6.847003936767578,-6.846858978271484
2297_6,-7.003896713256836,-7.016267776489258
2502_71,-6.813516139984131,-6.843253612518311
2350_11,-6.920498371124268,-6.970993518829346
2629_1,-6.564750671386719,-6.608325958251953
2064_136,-7.4150710105896,-7.392641544342041
2306_12,-6.978188514709473,-7.0088982582092285
2852_13,-5.089977741241455,-5.224864482879639
651_191,-6.5926055908203125,-6.588548183441162
243_6,-7.007025241851807,-7.016602993011475
2556_1,-6.742406845092773,-6.753564357757568
2295_65,-6.959125518798828,-7.017642021179199
507_8,-6.760659217834473,-6.801547050476074
764_12,-6.065861701965332,-6.148855686187744
493_6,-6.823215961456299,-6.816761016845703
2227_65,-7.09325122833252,-7.074473857879639
2466_44,-6.871960163116455,-6.875675201416016
2509_1,-6.812105178833008,-6.83646297454834
2149_123,-7.189255714416504,-7.1406965255737305
2767_139,-6.174088001251221,-6.2149858474731445
285_1,-6.970224380493164,-7.010664463043213
576_12,-6.685040473937988,-6.700995445251465
147_164,-7.02964973449707,-7.055258750915527
75_2,-7.117900371551514,-7.116324424743652
339_44,-6.964075565338135,-6.988452911376953
242_6,-7.006533622741699,-7.016621112823486
200_6,-7.003932476043701,-7.0225605964660645
31_12,-7.1119585037231445,-7.145508289337158
2486_1,-6.813281059265137,-6.857508182525635
317_44,-6.966070175170898,-6.997484683990479
464_44,-6.864033222198486,-6.846561431884766
10_2,-7.137292385101318,-7.162345409393311
825_65,-4.666234970092773,-4.694768905639648
2703_131,-6.509695529937744,-6.503040790557861
2557_132,-6.73048210144043,-6.753111362457275
78_2,-7.073026657104492,-7.1135454177856445
2118_12,-7.143224716186523,-7.169471740722656
2612_127,-6.59950590133667,-6.635726451873779
2734_111,-6.3153910636901855,-6.379533767700195
2269_1,-6.999155521392822,-7.033116817474365
354_164,-6.957690238952637,-6.9730401039123535
513_47,-6.7972283363342285,-6.793118476867676
2523_134,-6.807104110717773,-6.811378002166748
630_191,-6.624725818634033,-6.639165878295898
111_164,-7.070122241973877,-7.095186233520508
2546_63,-6.722987174987793,-6.764914989471436
305_6,-6.9783854484558105,-7.002676486968994
2605_1,-6.594936370849609,-6.642355918884277
2281_1,-6.998178482055664,-7.0268425941467285
2061_58,-7.409606456756592,-7.404903411865234
2755_119,-6.207948207855225,-6.263638019561768
332_5,-6.967005252838135,-6.991800308227539
458_47,-6.877440929412842,-6.857041358947754
555_2,-6.703684329986572,-6.724950790405273
653_191,-6.627556800842285,-6.586728572845459
2079_2,-7.234270095825195,-7.233783721923828
2247_65,-7.027853012084961,-7.051879405975342
726_10,-6.370545864105225,-6.406510829925537
204_6,-7.01679277420044,-7.021724700927734
2474_1,-6.872225284576416,-6.867340087890625
2405_1,-6.929996967315674,-6.926956653594971
514_115,-6.751754283905029,-6.792519092559815
2471_1,-6.843299388885498,-6.870865345001221
620_191,-6.626183032989502,-6.644490718841553
652_164,-6.584752559661865,-6.587432384490967
2261_40,-7.009806156158447,-7.039370059967041
791_99,-5.7147064208984375,-5.6220903396606445
2016_136,-7.395666122436523,-7.420648574829102
2241_6,-7.054579734802246,-7.059672355651856
2694_1,-6.574175357818604,-6.518529415130615
2501_1,-6.872804641723633,-6.844033718109131
2065_136,-7.348161697387695,-7.371582984924316
2068_58,-7.293079376220703,-7.330904483795166
2038_136,-7.403593063354492,-7.418292999267578
480_115,-6.912254333496094,-6.832723140716553
2100_127,-7.125502109527588,-7.20092248916626
813_191,-5.150206089019775,-5.203667163848877
50_164,-7.131165027618408,-7.129573345184326
2162_12,-7.091468811035156,-7.122316360473633
601_6,-6.694997310638428,-6.668571949005127
635_12,-6.575302600860596,-6.614208698272705
2550_11,-6.760173797607422,-6.759284019470215
56_123,-7.110445499420166,-7.126086235046387
35_123,-7.104097843170166,-7.142413139343262
2731_1,-6.383774757385254,-6.389778137207031
2072_47,-7.211394786834717,-7.252191066741943
2400_1,-6.900716304779053,-6.928911209106445
2840_123,-5.703384399414063,-5.639120101928711
551_1,-6.755075454711914,-6.739677429199219
130_123,-7.066997528076172,-7.067781925201416
103_123,-7.059727668762207,-7.1006035804748535
2006_136,-7.394648551940918,-7.422882556915283
2831_191,-5.917896270751953,-5.847353935241699
2414_115,-6.908538341522217,-6.917502403259277
572_2,-6.714348793029785,-6.70313835144043
178_6,-7.021951675415039,-7.0377349853515625
2382_1,-6.919235706329346,-6.942936897277832
2858_12,-4.709992408752441,-4.7742600440979
683_191,-6.514858245849609,-6.523453235626221
2151_1,-7.138167858123779,-7.139221668243408
2010_136,-7.407575607299805,-7.42125654220581
2481_224,-6.900129795074463,-6.859962463378906
606_12,-6.682108402252197,-6.662693500518799
2218_1,-7.080729961395264,-7.083974838256836
166_6,-7.035240650177002,-7.042220115661621
2454_1,-6.91956090927124,-6.892129898071289
596_10,-6.709102153778076,-6.676110744476318
80_2,-7.118448257446289,-7.11222505569458
303_1,-7.039024829864502,-7.003265857696533
502_8,-6.790313720703125,-6.806181907653809
779_123,-5.955149173736572,-5.939297676086426
2516_58,-6.846857070922852,-6.819491386413574
571_8,-6.6847686767578125,-6.7036967277526855
2078_2,-7.214597225189209,-7.233824729919434
258_6,-7.021461486816406,-7.0159525871276855
323_44,-6.994264125823975,-6.995327472686768
281_2,-6.994586944580078,-7.011667728424072
2609_191,-6.597183704376221,-6.638646602630615
637_191,-6.613149642944336,-6.606925964355469
352_8,-6.974734783172607,-6.975876331329346
663_191,-6.573460578918457,-6.573410511016846
809_65,-5.4282402992248535,-5.396033763885498
2741_123,-6.386260986328125,-6.340702056884766
2222_6,-7.095456123352051,-7.0790181159973145
2823_71,-6.061863422393799,-5.941961288452148
2005_136,-7.404265403747559,-7.42294979095459
2524_51,-6.826223373413086,-6.809844493865967
186_38,-7.048256874084473,-7.033031940460205
2659_1,-6.618862152099609,-6.572757244110107
2632_191,-6.61000394821167,-6.605478286743164
2351_2,-6.9749603271484375,-6.970622539520264
2174_11,-7.086424827575684,-7.1106157302856445
2782_194,-6.188515663146973,-6.163534164428711
578_115,-6.721842288970947,-6.699405193328857
2099_12,-7.207095623016357,-7.202362537384033
558_10,-6.76308012008667,-6.721005439758301
2240_1,-7.0351762771606445,-7.059768199920654
2633_191,-6.600486755371094,-6.603956699371338
2845_131,-5.568294048309326,-5.54585599899292
2341_4,-6.986823081970215,-6.979557991027832
2402_1,-6.905403137207031,-6.928121566772461
105_123,-7.081637859344482,-7.100298404693604
269_6,-7.029191493988037,-7.014793395996094
2116_2,-7.149232864379883,-7.172096252441406
814_99,-5.265000820159912,-5.150485038757324
188_6,-7.016726970672607,-7.031238079071045
304_6,-7.009305000305176,-7.002743721008301
2729_1,-6.448826789855957,-6.398070812225342
2770_183,-6.204639911651611,-6.203380107879639
616_12,-6.676637649536133,-6.6463117599487305
2482_1,-6.8608880043029785,-6.85990571975708
656_12,-6.552891731262207,-6.57972526550293
2510_5,-6.830221176147461,-6.834387302398682
2258_121,-6.998897075653076,-7.041756629943848
599_8,-6.718216896057129,-6.673040390014648
2789_194,-6.175905227661133,-6.138421535491943
233_25,-7.029806137084961,-7.017580509185791
2720_101,-6.475624084472656,-6.433631420135498
2705_1,-6.525575637817383,-6.502513408660889
2260_2,-7.0353875160217285,-7.0409016609191895
562_38,-6.736939907073975,-6.713976860046387
2128_1,-7.14270544052124,-7.159825325012207
608_12,-6.688986301422119,-6.657323837280273
2332_1,-7.039730548858643,-6.985749244689941
431_65,-6.94714879989624,-6.903655529022217
2277_1,-7.012021064758301,-7.02752685546875
2205_26,-7.068984031677246,-7.090235233306885
2197_1,-7.052286624908447,-7.094430446624756
2184_2,-7.101687908172607,-7.10256814956665
2603_107,-6.679795265197754,-6.645567893981934
2357_1,-6.987635135650635,-6.964146614074707
141_123,-7.057001113891602,-7.060988903045654
16_2,-7.151825904846191,-7.156125068664551
357_1,-6.977346897125244,-6.969161987304688
441_6,-6.918582439422607,-6.889377593994141
2803_139,-6.154536247253418,-6.056698322296143
2619_53,-6.605141639709473,-6.6294779777526855
2237_1,-7.033967971801758,-7.067719459533691
797_191,-5.452891826629639,-5.529433250427246
532_1,-6.828943252563477,-6.768578052520752
2700_83,-6.493473529815674,-6.506898880004883
2631_1,-6.653313636779785,-6.606823921203613
639_191,-6.620438575744629,-6.597621917724609
761_99,-6.208901882171631,-6.167792320251465
2778_194,-6.255294799804688,-6.169830322265625
577_12,-6.743627071380615,-6.700221538543701
136_12,-7.059018135070801,-7.064795017242432
2150_8,-7.14643144607544,-7.140230655670166
227_6,-7.022134780883789,-7.018040180206299
2312_46,-6.957959175109863,-7.005198955535889
2134_6,-7.149423599243164,-7.1530537605285645
72_12,-7.146068096160889,-7.1173295974731445
2313_44,-7.001672267913818,-7.004746913909912
2172_1,-7.113273143768311,-7.114116668701172
264_25,-6.983761310577393,-7.015555381774902
510_1,-6.816380977630615,-6.79572057723999
2094_12,-7.1853437423706055,-7.2074294090271
2534_8,-6.790132999420166,-6.790297031402588
2813_191,-5.993412017822266,-5.98322057723999
2372_5,-6.947203636169434,-6.9507317543029785
2054_136,-7.396303176879883,-7.413366794586182
2480_11,-6.780800342559815,-6.860743045806885
2531_47,-6.782077312469482,-6.797021389007568
595_12,-6.663236141204834,-6.677227020263672
2448_44,-6.901164531707764,-6.898482322692871
2371_65,-6.905343532562256,-6.952327251434326
459_47,-6.80800199508667,-6.854588508605957
2847_132,-5.4118332862854,-5.523347854614258
609_12,-6.637282371520996,-6.65676212310791
330_44,-6.974710941314697,-6.992276668548584
2677_1,-6.505898952484131,-6.537162780761719
2440_224,-6.8819074630737305,-6.904167652130127
2139_6,-7.133276462554932,-7.148556232452393
261_6,-6.988204479217529,-7.015800476074219
84_12,-7.04904842376709,-7.107170104980469
2408_137,-6.921955108642578,-6.9227614402771
655_12,-6.517644882202148,-6.582790851593018
2043_136,-7.39243745803833,-7.417398929595947
730_10,-6.314673900604248,-6.369060516357422
2613_1,-6.633862495422363,-6.635295867919922
59_164,-7.151091575622559,-7.125294208526611
344_5,-6.970683574676514,-6.9841132164001465
2854_139,-4.937498092651367,-5.033222675323486
2396_1,-6.901291847229004,-6.935389995574951
2749_71,-6.2717790603637695,-6.286914348602295
2302_6,-6.974653244018555,-7.013031005859375
450_38,-6.922699451446533,-6.871125221252441
2839_10,-5.570935249328613,-5.684191703796387
2329_115,-7.018422603607178,-6.988027095794678
2469_1,-6.832128047943115,-6.873610019683838
767_2,-6.042783737182617,-6.097495079040527
720_2,-6.344978332519531,-6.419378757476807
2156_12,-7.121378421783447,-7.130908966064453
238_25,-6.981987476348877,-7.016890525817871
205_6,-6.995724678039551,-7.021214008331299
2210_1,-7.051265239715576,-7.088866710662842
2780_194,-6.120441913604736,-6.165940284729004
2487_65,-6.835914134979248,-6.857266426086426
696_123,-6.53718376159668,-6.474823474884033
619_191,-6.627721786499023,-6.644625663757324
2433_1,-6.904075622558594,-6.908948421478272
2584_1,-6.667701244354248,-6.695268154144287
350_123,-6.970378398895264,-6.977968692779541
171_6,-7.0296950340271,-7.040322780609131
2015_58,-7.395823001861572,-7.420712471008301
747_123,-6.283217430114746,-6.306591033935547
589_12,-6.656563758850098,-6.686595439910889
677_123,-6.517397403717041,-6.5278520584106445
2166_12,-7.088203430175781,-7.117305278778076
2727_1,-6.419039726257324,-6.406118392944336
2439_1,-6.85741138458252,-6.906251907348633
2219_8,-7.038624286651611,-7.08272647857666
432_115,-6.846599578857422,-6.903554916381836
2753_191,-6.311295032501221,-6.27130126953125
120_10,-7.090763092041016,-7.07700252532959
99_123,-7.09379243850708,-7.102820873260498
2559_30,-6.723717212677002,-6.750804424285889
2155_123,-7.128562450408936,-7.131804943084717
2148_2,-7.137674808502197,-7.14085054397583
2488_139,-6.826270580291748,-6.856869697570801
448_123,-6.952734470367432,-6.872292518615723
737_12,-6.338301181793213,-6.35038948059082
127_2,-7.042399883270264,-7.069509983062744
71_164,-7.068846702575684,-7.117568016052246
485_8,-6.773646354675293,-6.824384689331055
694_8,-6.486174583435059,-6.475934028625488
2226_51,-7.10921049118042,-7.074849605560303
2316_8,-6.985039234161377,-6.999983310699463
2385_1,-6.927216053009033,-6.941031455993652
2732_123,-6.341521739959717,-6.384316921234131
2120_6,-7.16563081741333,-7.168130397796631
2209_8,-7.065824508666992,-7.088905334472656
2489_1,-6.86028528213501,-6.855000019073486
808_123,-5.406966686248779,-5.412989616394043
2710_10,-6.417525291442871,-6.471953868865967
2248_1,-7.01493501663208,-7.051496505737305
2153_8,-7.14327335357666,-7.133301734924316
403_5,-6.884213447570801,-6.919565200805664
446_65,-6.841168403625488,-6.875045776367188
2362_12,-6.965445518493652,-6.959250450134277
2169_15,-7.071056365966797,-7.115126609802246
659_191,-6.6171488761901855,-6.574219226837158
2623_65,-6.6638288497924805,-6.621461391448975
174_38,-7.05182695388794,-7.03920841217041
379_1,-6.933769226074219,-6.944404125213623
2168_11,-7.08426570892334,-7.116489410400391
2138_6,-7.133912086486816,-7.149801254272461
2163_36,-7.132981777191162,-7.120037078857422
2760_139,-6.229776859283447,-6.2265305519104
2246_46,-6.968260288238525,-7.052793502807617
402_5,-6.878429412841797,-6.919954299926758
411_6,-6.898556709289551,-6.918650150299072
2683_191,-6.536953926086426,-6.534846782684326
366_1,-6.96037483215332,-6.963377952575684
19_12,-7.134913921356201,-7.155676364898682
2135_13,-7.083563804626465,-7.150454044342041
567_12,-6.667716979980469,-6.711205005645752
294_6,-6.973995685577393,-7.007813453674316
83_12,-7.09998083114624,-7.108938217163086
2614_1,-6.668829917907715,-6.634683132171631
634_5,-6.577272415161133,-6.633021354675293
272_25,-6.977878570556641,-7.013796806335449
2366_1,-6.953967094421387,-6.954944133758545
2074_2,-7.177117347717285,-7.240535259246826
102_123,-7.085582733154297,-7.101715564727783
600_47,-6.676130294799805,-6.669503688812256
2660_65,-6.614903450012207,-6.567748069763184
707_123,-6.40956449508667,-6.44884729385376
826_191,-4.552371025085449,-4.581656455993652
566_2,-6.689953804016113,-6.71196985244751
48_164,-7.15526008605957,-7.134286880493164
